{
  "manifest": {
    "apis": {
      "custom": {
        "endpoint": {
          "uri": "arn:aws:lambda:eu-west-1:412679706194:function:fb61e90f-b120-45cc-b601-9c21c9abbae8:Release_0"
        },
        "interfaces": [],
        "regions": {
          "EU": {
            "endpoint": {
              "uri": "arn:aws:lambda:eu-west-1:412679706194:function:fb61e90f-b120-45cc-b601-9c21c9abbae8:Release_0"
            }
          },
          "NA": {
            "endpoint": {
              "uri": "arn:aws:lambda:us-east-1:412679706194:function:fb61e90f-b120-45cc-b601-9c21c9abbae8:Release_0"
            }
          },
          "FE": {
            "endpoint": {
              "uri": "arn:aws:lambda:us-west-2:412679706194:function:fb61e90f-b120-45cc-b601-9c21c9abbae8:Release_0"
            }
          }
        }
      }
    },
    "manifestVersion": "1.0",
    "privacyAndCompliance": {
      "allowsPurchases": false,
      "containsAds": false,
      "isChildDirected": false,
      "isExportCompliant": true,
      "locales": {
        "en-US": {},
        "en-CA": {},
        "en-IN": {},
        "en-AU": {},
        "en-GB": {}
      },
      "usesPersonalInfo": false
    },
    "publishingInformation": {
      "automaticClonedLocale": {
        "locales": [
          {
            "source": "en-US",
            "targets": [
              "en-GB"
            ]
          }
        ]
      },
      "category": "ROLE_PLAYING_GAMES",
      "distributionCountries": [],
      "distributionMode": "PUBLIC",
      "isAvailableWorldwide": true,
      "locales": {
        "en-US": {
          "description": "This skill is a dialogue sandbox in which no discussion will be the same.\nYou will have to carefully listen to the replies of your patients and look for clues on how they are feeling and what is their perception of the discussed topic.\nThen you will have to optimally calibrate the approach for your next answer to help them overcome their issues and prevent them from stressing out or losing trust in you.",
          "examplePhrases": [
            "Alexa open become a psychologist",
            "Alexa start become a psychologist",
            "Alexa open the psychology skill"
          ],
          "keywords": [
            "psychology",
            "psychological",
            "dialogue",
            "mental",
            "game",
            "simulation",
            "talking"
          ],
          "name": "Become a Psychologist",
          "summary": "You must save patients dealing with traumas in their life. Listen to them and choose the best reply in those never the same, procedurally generated dialogues"
        },
        "en-CA": {
          "description": "This skill is a dialogue sandbox in which no discussion will be the same.\nYou will have to carefully listen to the replies of your patients and look for clues on how they are feeling and what is their perception of the discussed topic.\nThen you will have to optimally calibrate the approach for your next answer to help them overcome their issues and prevent them from stressing out or losing trust in you.",
          "examplePhrases": [
            "Alexa open become a psychologist",
            "Alexa start become a psychologist",
            "Alexa open the psychology skill"
          ],
          "keywords": [
            "psychology",
            "psychological",
            "dialogue",
            "mental",
            "game",
            "simulation",
            "talking"
          ],
          "name": "Become a Psychologist",
          "summary": "You must save patients dealing with traumas in their life. Listen to them and choose the best reply in those never the same, procedurally generated dialogues"
        },
        "en-IN": {
          "description": "This skill is a dialogue sandbox in which no discussion will be the same.\nYou will have to carefully listen to the replies of your patients and look for clues on how they are feeling and what is their perception of the discussed topic.\nThen you will have to optimally calibrate the approach for your next answer to help them overcome their issues and prevent them from stressing out or losing trust in you.",
          "examplePhrases": [
            "Alexa open become a psychologist",
            "Alexa start become a psychologist",
            "Alexa open the psychology skill"
          ],
          "keywords": [
            "psychology",
            "psychological",
            "dialogue",
            "mental",
            "game",
            "simulation",
            "talking"
          ],
          "name": "Become a Psychologist",
          "summary": "You must save patients dealing with traumas in their life. Listen to them and choose the best reply in those never the same, procedurally generated dialogues"
        },
        "en-AU": {
          "description": "This skill is a dialogue sandbox in which no discussion will be the same.\nYou will have to carefully listen to the replies of your patients and look for clues on how they are feeling and what is their perception of the discussed topic.\nThen you will have to optimally calibrate the approach for your next answer to help them overcome their issues and prevent them from stressing out or losing trust in you.",
          "examplePhrases": [
            "Alexa open become a psychologist",
            "Alexa start become a psychologist",
            "Alexa open the psychology skill"
          ],
          "keywords": [
            "psychology",
            "psychological",
            "dialogue",
            "mental",
            "game",
            "simulation",
            "talking"
          ],
          "name": "Become a Psychologist",
          "summary": "You must save patients dealing with traumas in their life. Listen to them and choose the best reply in those never the same, procedurally generated dialogues"
        },
        "en-GB": {
          "description": "This skill is a dialogue sandbox in which no discussion will be the same.\nYou will have to carefully listen to the replies of your patients and look for clues on how they are feeling and what is their perception of the discussed topic.\nThen you will have to optimally calibrate the approach for your next answer to help them overcome their issues and prevent them from stressing out or losing trust in you.",
          "examplePhrases": [
            "Alexa open become a psychologist",
            "Alexa start become a psychologist",
            "Alexa open the psychology skill"
          ],
          "keywords": [
            "psychology",
            "psychological",
            "dialogue",
            "mental",
            "game",
            "simulation",
            "talking"
          ],
          "name": "Become a Psychologist",
          "summary": "You must save patients dealing with traumas in their life. Listen to them and choose the best reply in those never the same, procedurally generated dialogues"
        }
      },
      "testingInstructions": "Sample Testing Instructions."
    }
  }
}