{
  "interactionModel": {
    "languageModel": {
      "invocationName": "become a psychologist",
      "intents": [
        {
          "name": "AMAZON.CancelIntent",
          "samples": []
        },
        {
          "name": "AMAZON.HelpIntent",
          "samples": []
        },
        {
          "name": "AMAZON.StopIntent",
          "samples": []
        },
        {
          "name": "AMAZON.YesIntent",
          "samples": [
            "yeah",
            "I do",
            "I want",
            "yes"
          ]
        },
        {
          "name": "AMAZON.FallbackIntent",
          "samples": []
        },
        {
          "name": "AMAZON.NoIntent",
          "samples": []
        },
        {
          "name": "NumberGuessIntent",
          "slots": [
            {
              "name": "number",
              "type": "AMAZON.NUMBER"
            }
          ],
          "samples": [
            "{number}",
            "is it {number}",
            "how about {number}",
            "could be {number}"
          ]
        },
        {
          "name": "AMAZON.NavigateHomeIntent",
          "samples": []
        },
        {
          "name": "topic_approach",
          "slots": [
            {
              "name": "topic",
              "type": "topic"
            },
            {
              "name": "approach",
              "type": "approach"
            }
          ],
          "samples": [
            "{topic} {approach}",
            "I want to talk about {topic} and I want to be {approach}",
            "approach {approach} topic {topic}",
            "{approach} {topic}",
            "topic {topic}  approach {approach}",
            "I want to talk about {topic}  in an {approach} way",
            "{topic}  {approach} "
          ]
        }
      ],
      "types": [
        {
          "values": [
            {
              "id": "wr",
              "name": {
                "value": "work"
              }
            },
            {
              "id": "lv",
              "name": {
                "value": "love"
              }
            },
            {
              "id": "fr",
              "name": {
                "value": "friends"
              }
            },
            {
              "id": "fm",
              "name": {
                "value": "family"
              }
            }
          ],
          "name": "topic"
        },
        {
          "values": [
            {
              "id": "dr",
              "name": {
                "value": "direct",
                "synonyms": [
                  "directly"
                ]
              }
            },
            {
              "id": "lo",
              "name": {
                "value": "logical",
                "synonyms": [
                  "logically",
                  "logic"
                ]
              }
            },
            {
              "id": "po",
              "name": {
                "value": "positive",
                "synonyms": [
                  "positively"
                ]
              }
            },
            {
              "id": "ag",
              "name": {
                "value": "aggressive",
                "synonyms": [
                  "aggressively"
                ]
              }
            }
          ],
          "name": "approach"
        }
      ]
    }
  },
  "version": "12"
}