{
  "manifest": {
    "apis": {
      "custom": {
        "endpoint": {
          "uri": "arn:aws:lambda:eu-west-1:412679706194:function:fb61e90f-b120-45cc-b601-9c21c9abbae8:Release_0"
        },
        "interfaces": [],
        "regions": {
          "NA": {
            "endpoint": {
              "uri": "arn:aws:lambda:us-east-1:412679706194:function:fb61e90f-b120-45cc-b601-9c21c9abbae8:Release_0"
            }
          },
          "EU": {
            "endpoint": {
              "uri": "arn:aws:lambda:eu-west-1:412679706194:function:fb61e90f-b120-45cc-b601-9c21c9abbae8:Release_0"
            }
          },
          "FE": {
            "endpoint": {
              "uri": "arn:aws:lambda:us-west-2:412679706194:function:fb61e90f-b120-45cc-b601-9c21c9abbae8:Release_0"
            }
          }
        }
      }
    },
    "manifestVersion": "1.0",
    "privacyAndCompliance": {
      "locales": {
        "en-US": {},
        "en-CA": {},
        "en-IN": {},
        "en-AU": {},
        "en-GB": {}
      }
    },
    "publishingInformation": {
      "automaticClonedLocale": {
        "locales": [
          {
            "source": "en-US"
          }
        ]
      },
      "automaticDistribution": {
        "isActive": false
      },
      "category": "EDUCATION_AND_REFERENCE",
      "distributionCountries": [],
      "isAvailableWorldwide": true,
      "locales": {
        "en-US": {
          "description": "Guess a number, and Alexa will tell you if you need to guess higher or lower. She will also tell you how many times you have played.",
          "examplePhrases": [
            "Alexa open high low game",
            "Alexa start high low game",
            "Alexa ask high low game is it {number}"
          ],
          "keywords": [],
          "name": "Become a Psychologist",
          "summary": "This skill simulates the human mind, each patient is a mistery, will you be able to talk them out of their mental problems?"
        },
        "en-CA": {
          "description": "Guess a number, and Alexa will tell you if you need to guess higher or lower. She will also tell you how many times you have played.",
          "examplePhrases": [
            "Alexa open high low game",
            "Alexa start high low game",
            "Alexa ask high low game is it {number}"
          ],
          "keywords": [],
          "name": "Become a Psychologist",
          "summary": "This skill simulates the human mind, each patient is a mistery, will you be able to talk them out of their mental problems?"
        },
        "en-IN": {
          "description": "Guess a number, and Alexa will tell you if you need to guess higher or lower. She will also tell you how many times you have played.",
          "examplePhrases": [
            "Alexa open high low game",
            "Alexa start high low game",
            "Alexa ask high low game is it {number}"
          ],
          "keywords": [],
          "name": "Become a Psychologist",
          "summary": "This skill simulates the human mind, each patient is a mistery, will you be able to talk them out of their mental problems?"
        },
        "en-AU": {
          "description": "Guess a number, and Alexa will tell you if you need to guess higher or lower. She will also tell you how many times you have played.",
          "examplePhrases": [
            "Alexa open high low game",
            "Alexa start high low game",
            "Alexa ask high low game is it {number}"
          ],
          "keywords": [],
          "name": "Become a Psychologist",
          "summary": "This skill simulates the human mind, each patient is a mistery, will you be able to talk them out of their mental problems?"
        },
        "en-GB": {
          "description": "Guess a number, and Alexa will tell you if you need to guess higher or lower. She will also tell you how many times you have played.",
          "examplePhrases": [
            "Alexa open high low game",
            "Alexa start high low game",
            "Alexa ask high low game is it {number}"
          ],
          "keywords": [],
          "name": "Become a Psychologist",
          "summary": "This skill simulates the human mind, each patient is a mistery, will you be able to talk them out of their mental problems?"
        }
      },
      "testingInstructions": "Sample Testing Instructions."
    }
  }
}