{
  "manifest": {
    "publishingInformation": {
      "locales": {
        "en-US": {
          "summary": "You must save patients dealing with traumas in their life. Listen to them and choose the best reply in those never the same, procedurally generated dialogues",
          "examplePhrases": [
            "Alexa open become a psychologist",
            "Alexa start become a psychologist",
            "Alexa open the psychology skill"
          ],
          "keywords": [
            "psychology",
            "psychological",
            "dialogue",
            "mental",
            "game",
            "simulation",
            "talking",
            "roleplay",
            "RPG",
            "doctor",
            "health",
            "wellbeing",
            "game"
          ],
          "name": "Become a Psychologist",
          "description": "This skill is a dialogue sandbox in which no discussion will be the same.\nYou will have to carefully listen to the replies of your patients and look for clues on how they are feeling and what is their perception of the discussed topic.\nThen you will have to optimally calibrate the approach for your next answer to help them overcome their issues and prevent them from stressing out or losing trust in you.\nDo you have what it takes to untangle the problems in your patient\u0027s mind?\nDisclaimer:\nThe information in this skill is provided for informational and educational purposes only. It is not a substitute for professional medical advice, treatment or diagnosis. Call your doctor to receive medical advice. If you think you may have a medical emergency, please dial your local emergency response phone number",
          "smallIconUri": "file://assets/images/en-US_smallIconUri.png",
          "largeIconUri": "file://assets/images/en-US_largeIconUri.png"
        },
        "en-GB": {
          "summary": "You must save patients dealing with traumas in their life. Listen to them and choose the best reply in those never the same, procedurally generated dialogues",
          "examplePhrases": [
            "Alexa open become a psychologist",
            "Alexa start become a psychologist",
            "Alexa open the psychology skill"
          ],
          "keywords": [
            "psychology",
            "psychological",
            "dialogue",
            "mental",
            "game",
            "simulation",
            "talking",
            "roleplay",
            "RPG",
            "doctor",
            "health",
            "wellbeing",
            "game"
          ],
          "name": "Become a Psychologist",
          "description": "This skill is a dialogue sandbox in which no discussion will be the same.\nYou will have to carefully listen to the replies of your patients and look for clues on how they are feeling and what is their perception of the discussed topic.\nThen you will have to optimally calibrate the approach for your next answer to help them overcome their issues and prevent them from stressing out or losing trust in you.\nDo you have what it takes to untangle the problems in your patient\u0027s mind?\nDisclaimer:\nThe information in this skill is provided for informational and educational purposes only. It is not a substitute for professional medical advice, treatment or diagnosis. Call your doctor to receive medical advice. If you think you may have a medical emergency, please dial your local emergency response phone number",
          "smallIconUri": "file://assets/images/en-GB_smallIconUri.png",
          "largeIconUri": "file://assets/images/en-GB_largeIconUri.png"
        }
      },
      "automaticDistribution": {
        "isActive": false
      },
      "isAvailableWorldwide": true,
      "testingInstructions": "no special instruction for testing it",
      "category": "ROLE_PLAYING_GAMES",
      "distributionMode": "PUBLIC",
      "automaticClonedLocale": {
        "locales": [
          {
            "source": "en-US",
            "targets": [
              "en-GB"
            ]
          }
        ]
      },
      "distributionCountries": []
    },
    "apis": {
      "custom": {
        "endpoint": {
          "uri": "arn:aws:lambda:eu-west-1:412679706194:function:fb61e90f-b120-45cc-b601-9c21c9abbae8:Release_0"
        },
        "interfaces": [],
        "regions": {
          "EU": {
            "endpoint": {
              "uri": "arn:aws:lambda:eu-west-1:412679706194:function:fb61e90f-b120-45cc-b601-9c21c9abbae8:Release_0"
            }
          },
          "NA": {
            "endpoint": {
              "uri": "arn:aws:lambda:us-east-1:412679706194:function:fb61e90f-b120-45cc-b601-9c21c9abbae8:Release_0"
            }
          },
          "FE": {
            "endpoint": {
              "uri": "arn:aws:lambda:us-west-2:412679706194:function:fb61e90f-b120-45cc-b601-9c21c9abbae8:Release_0"
            }
          }
        }
      }
    },
    "manifestVersion": "1.0",
    "privacyAndCompliance": {
      "allowsPurchases": false,
      "locales": {
        "en-US": {
          "privacyPolicyUrl": ""
        },
        "en-GB": {
          "privacyPolicyUrl": ""
        }
      },
      "containsAds": false,
      "isExportCompliant": true,
      "isChildDirected": false,
      "shoppingKit": {
        "isShoppingActionsEnabled": false
      },
      "usesPersonalInfo": false
    }
  }
}